{
    "title": "MateoDev | Portafolio",
    "description": "Soy Neo, posiblemente el mejor programador de la historia.",
    "image": "/avatar.jpg",
    "avatar": "/avatar.jpg",
    "name": "Mateo Alejandro Mora Hernandez",
    "skill": "Ingeniero de Sistemas, Desarrollador Web FullSctak, DevOps, Cloud y Arquitecto de Software en proceso",
    "location": "Girardot, Cundinamarca, Colombia",
    "media": {
        "email": "mateoalejandromorahernandez@gmail.com",
        "cv": "/data/cv.pdf",
        "github": "https://github.com/Matius2002",
        "likedin": "https://www.linkedin.com/in/mateo-alejandro-mora-hern%C3%A1ndez-49a2b520a"
    },
    "about": "Soy Ingeniero de Sistemas egresado de la Universidad Piloto de Colombia, con formacion tecnica en sistemas y 23 años de edad. Vivo en Colombia y me desempeno como desarrollador web Fullstack, con enfoque en tecnologias modernas tanto en frontend como backend. Actualmente, me estoy formando en areas de DevOps / Cloud e iniciando mi camino como Arquitecto de Software, con el objetivo de disenar y construir soluciones escalables y eficientes.",
    "technologies": [
        {
            "icon": "devicon-react-plain",
            "name": "React"
        },
        {
            "icon": "devicon-csharp-plain",
            "name": ".NET"
        },
        {
            "icon": "devicon-typescript-plain",
            "name": "TypeScript"
        },
        {
            "icon": "devicon-tailwindcss-plain",
            "name": "Tailwind"
        },
        {
            "icon": "devicon-nodejs-plain",
            "name": "Node.js"
        },
        {
            "icon": "devicon-java-plain",
            "name": "Java"
        },
        {
            "icon": "devicon-python-plain",
            "name": "Python"
        }
    ],
    "experience": [
        {
            "icon": "terminal",
            "title": "Metacortex",
            "subtitle": "Programador",
            "description": "Programo software respetable desde un cubículo.",
            "date": "1999"
        },
        {
            "icon": "rabbit",
            "title": "Nebuchadnezzar",
            "subtitle": "El Elegido",
            "description": "Me encargo de salvar el mundo.",
            "date": "1999 - Actualidad"
        }
    ],
    "projects": [
        {
            "icon": "bar-chart-4",
            "title": "Snake Game",
            "subtitle": "Este juego juego fue creado por HTML, CSS y JavaScript",
            "description": "Herramienta para hacer rico a otras personas.",
            "technologies": [
                {
                    "icon": "devicon-html5-plain",
                    "name": "HTML5"
                },
                {
                    "icon": "devicon-css3-plain",
                    "name": "CSS3"
                },
                {
                    "icon": "devicon-javascript-plain",
                    "name": "JavaScript"
                }
            ],
            "image": "/project_1.jpg",
            "url": "https://matius2002.github.io",
            "github": "https://github.com/Matius2002/Matius2002.github.io"
        },
        {
            "icon": "bug-off",
            "title": "Proyecto en proceso...",
            "subtitle": "Mi obra maestra en proceso...",
            "description": "Este es el espacio del proyecto en proceso...",
            "technologies": [
                {
                    "icon": "devicon-html5-plain",
                    "name": "HTML5"
                },
                {
                    "icon": "devicon-css3-plain",
                    "name": "CSS3"
                },
                {
                    "icon": "devicon-javascript-plain",
                    "name": "JavaScript"
                }
            ],
            "image": "/project_2.jpg",
            "url": "https://matrix.fandom.com/wiki/Wiki",
            "github": "https://github.com/thomasanderson"
        }
    ],
    "training": [
        {
            "icon": "backpack",
            "title": "Universidad Piloto de Colombia",
            "subtitle": "Una escuela",
            "description": "Aprendí muchas cosas...",
            "date": "Indeterminado",
            "certificate": "https://digisigncol-workflows-prod.s3.amazonaws.com/e096e36c-1004-4334-98d6-f9a611dfced1/4cd1271c-a930-4d3f-be23-6432d8481a71/52271_MATEO%20ALEJANDRO%20MORA%20HERNANDEZ_1.pdf?AWSAccessKeyId=AKIATQJKTZODH2G6437L&Expires=1748193797&Signature=BAAcK7nfesoz0qJo5X1XHYJhplI%3D"
        },
        {
            "icon": "graduation-cap",
            "title": "Servicio Nacional de Aprendizaje(SENA)",
            "subtitle": "Centro de formacion publico",
            "description": "Aprendí muchas cosas...",
            "date": "Indeterminado",
            "certificate": "https://en.wikipedia.org/wiki/Neo_(The_Matrix)"
        },
        {
            "icon": "graduation-cap",
            "title": "Institución Educativa Policarpa Salavarrieta",
            "subtitle": "Colegio",
            "description": "Aprendí más cosas",
            "date": "Indeterminado",
            "certificate": "https://en.wikipedia.org/wiki/Neo_(The_Matrix)"
        }
    ],
    "extras": [
        {
            "image": "/extra_1.jpg",
            "title": "The Matrix",
            "description": "Aparecí en esta película.",
            "url": "https://en.wikipedia.org/wiki/The_Matrix"
        },
        {
            "image": "/extra_2.jpg",
            "title": "The Matrix Reloaded",
            "description": "Y en esta otra.",
            "url": "https://en.wikipedia.org/wiki/The_Matrix_Reloaded"
        },
        {
            "image": "/extra_3.jpg",
            "title": "The Matrix Revolutions",
            "description": "Y en esta más.",
            "url": "https://en.wikipedia.org/wiki/The_Matrix_Revolutions"
        }
    ]
}